mysql> select * from employee;
+-------+----------+----------+-------------+---------+----------------+------------+--------+--------+
| EmpId | EmpFname | EmpLname | Department  | Project | Address        | DOB        | Gender | Salary |
+-------+----------+----------+-------------+---------+----------------+------------+--------+--------+
|     1 | Sanjay   | Mehra    | HR          | P1      | Hyderabad(HYD) | 01/12/1976 | M      |  50000 |
|     2 | Ananya   | Mishra   | Admin       | P2      | Delhi(DEL)     | 02/05/1968 | F      |  75000 |
|     3 | Rohan    | Diwan    | Account     | P1      | Mumbai(BOM)    | 01/01/1980 | M      |  90000 |
|     4 | Sonia    | Kulkarni | HR          | P3      | Hydrabad(HYD)  | 02/05/1992 | F      |  50000 |
|     5 | Priya    | Thakur   | Development | P2      | Bangalore      | 23/02/1999 | F      | 100000 |
+-------+----------+----------+-------------+---------+----------------+------------+--------+--------+
5 rows in set (0.00 sec)

( 1 ) :

mysql> select * from employee where Department="HR";
+-------+----------+----------+------------+---------+----------------+------------+--------+--------+
| EmpId | EmpFname | EmpLname | Department | Project | Address        | DOB        | Gender | Salary |
+-------+----------+----------+------------+---------+----------------+------------+--------+--------+
|     1 | Sanjay   | Mehra    | HR         | P1      | Hyderabad(HYD) | 01/12/1976 | M      |  50000 |
|     4 | Sonia    | Kulkarni | HR         | P3      | Hydrabad(HYD)  | 02/05/1992 | F      |  50000 |
+-------+----------+----------+------------+---------+----------------+------------+--------+--------+
2 rows in set (0.00 sec)

( 2 ) :

mysql> select * from employee where Gender="F";
+-------+----------+----------+-------------+---------+---------------+------------+--------+--------+
| EmpId | EmpFname | EmpLname | Department  | Project | Address       | DOB        | Gender | Salary |
+-------+----------+----------+-------------+---------+---------------+------------+--------+--------+
|     2 | Ananya   | Mishra   | Admin       | P2      | Delhi(DEL)    | 02/05/1968 | F      |  75000 |
|     4 | Sonia    | Kulkarni | HR          | P3      | Hydrabad(HYD) | 02/05/1992 | F      |  50000 |
|     5 | Priya    | Thakur   | Development | P2      | Bangalore     | 23/02/1999 | F      | 100000 |
+-------+----------+----------+-------------+---------+---------------+------------+--------+--------+
3 rows in set (0.00 sec)

( 3 ) :

mysql> select * from employee where Gender="F" AND Department="HR";
+-------+----------+----------+------------+---------+---------------+------------+--------+--------+
| EmpId | EmpFname | EmpLname | Department | Project | Address       | DOB        | Gender | Salary |
+-------+----------+----------+------------+---------+---------------+------------+--------+--------+
|     4 | Sonia    | Kulkarni | HR         | P3      | Hydrabad(HYD) | 02/05/1992 | F      |  50000 |
+-------+----------+----------+------------+---------+---------------+------------+--------+--------+
1 row in set (0.00 sec)

( 4 ) :

mysql> select * from employee where EmpFname LIKE "a%"|| "e%" || "i%" || "o%" || "u%";
+-------+----------+----------+------------+---------+------------+------------+--------+--------+
| EmpId | EmpFname | EmpLname | Department | Project | Address    | DOB        | Gender | Salary |
+-------+----------+----------+------------+---------+------------+------------+--------+--------+
|     2 | Ananya   | Mishra   | Admin      | P2      | Delhi(DEL) | 02/05/1968 | F      |  75000 |
+-------+----------+----------+------------+---------+------------+------------+--------+--------+
1 row in set, 8 warnings (0.01 sec)

( 5 )  :

mysql> select * from employee where Gender="M" AND EmpFname LIKE "_a%"|| "_e%" || "_i%" || "_o%" || "_u%";
+-------+----------+----------+------------+---------+----------------+------------+--------+--------+
| EmpId | EmpFname | EmpLname | Department | Project | Address        | DOB        | Gender | Salary |
+-------+----------+----------+------------+---------+----------------+------------+--------+--------+
|     1 | Sanjay   | Mehra    | HR         | P1      | Hyderabad(HYD) | 01/12/1976 | M      |  50000 |
+-------+----------+----------+------------+---------+----------------+------------+--------+--------+
1 row in set, 8 warnings (0.00 sec)

( 6 ) :

mysql> select distinct department from employee;
+-------------+
| department  |
+-------------+
| HR          |
| Admin       |
| Account     |
| Development |
+-------------+
4 rows in set (0.00 sec)


( 7 ) :

mysql> select * from employee where Gender="F" AND Salary<=75000;
+-------+----------+----------+------------+---------+---------------+------------+--------+--------+
| EmpId | EmpFname | EmpLname | Department | Project | Address       | DOB        | Gender | Salary |
+-------+----------+----------+------------+---------+---------------+------------+--------+--------+
|     2 | Ananya   | Mishra   | Admin      | P2      | Delhi(DEL)    | 02/05/1968 | F      |  75000 |
|     4 | Sonia    | Kulkarni | HR         | P3      | Hydrabad(HYD) | 02/05/1992 | F      |  50000 |
+-------+----------+----------+------------+---------+---------------+------------+--------+--------+
2 rows in set (0.00 sec)

( 8 ) :

mysql> select count(salary>=50000 AND salary<=100000) from employee;
+-----------------------------------------+
| count(salary>=50000 AND salary<=100000) |
+-----------------------------------------+
|                                       5 |
+-----------------------------------------+
1 row in set (0.00 sec)


( 9 ) :

mysql> select count(distinct project) from employee;
+-------------------------+
| count(distinct project) |
+-------------------------+
|                       3 |
+-------------------------+
1 row in set (0.00 sec)

( 1 0 ) :

mysql> select count(department) from employee;
+-------------------+
| count(department) |
+-------------------+
|                 5 |
+-------------------+
1 row in set (0.00 sec)

