
mysql> select * from customers; select * from orders;
+-------------+------------+-----------+--------------+------------+-----------+-------+----------+
| customer_id | first_name | last_name | email        | address    | city      | state | zip_code |
+-------------+------------+-----------+--------------+------------+-----------+-------+----------+
|           1 | abc        | a         | abc@mail.com | 1st street | chennai   | TN    | 60001    |
|           2 | efg        | e         | efg@mail.com | 2nd street | Bangalore | KA    | 50002    |
|           3 | ijk        | i         | ijk@mail.com | 3nd street | Mumbai    | MH    | 40002    |
+-------------+------------+-----------+--------------+------------+-----------+-------+----------+
3 rows in set (0.00 sec)

+----------+-------------+-------------------+
| order_id | customer_id | order_placed_date |
+----------+-------------+-------------------+
|        1 |           1 | 2016-11-11        |
|        2 |           1 | 2016-10-01        |
|        3 |           2 | 2016-06-01        |
|        4 |           2 | 2015-06-01        |
|        5 |           1 | 2015-06-01        |
+----------+-------------+-------------------+
5 rows in set (0.00 sec)